source_id,name,url,subject,source_type,adapter,year_from,year_to,grades,geography,olympiad,stage,enabled,priority,max_depth,crawl_regex,include_regex,exclude_regex,rights_note
vosh_engl_official_tasks,ВсОШ Москва — официальный архив английского,https://vos.olimpiada.ru/tasks?subject=engl&year=1,english,archive,html_links,1998,2026,5-11,Moscow,Всероссийская олимпиада школьников,all,true,100,1,^https://vos\.olimpiada\.ru/tasks,\.(pdf|docx?|zip|mp3|wav|m4a)(\?|$),,official_public_source; verify redistribution rights separately
olimpiada_ru_engl_archive,Olimpiada.ru — архив ВсОШ по английскому,https://olimpiada.ru/activity/88/tasks,english,archive,html_links,2007,2026,5-11,Russia,Всероссийская олимпиада школьников,all,true,90,2,^https://olimpiada\.ru/activity/88/tasks,\.(pdf|docx?|zip|mp3|wav|m4a)(\?|$),,public_index; underlying files may belong to regional organizers
vosh_2025_school_7_8_tasks,ВсОШ 2025/26 школьный этап 7-8 — задания,https://vos.olimpiada.ru/upload/files/Arhive_tasks/2025-26/school/engl/tasks-engl-7-8-sch-msk-25-26.pdf,english,document,direct,2025,2026,7-8,Moscow,Всероссийская олимпиада школьников,school,true,120,0,,,,official_public_source
vosh_2025_school_7_8_answers,ВсОШ 2025/26 школьный этап 7-8 — ответы,https://vos.olimpiada.ru/upload/files/Arhive_tasks/2025-26/school/engl/ans-engl-7-8-sch-msk-25-26.pdf,english,document,direct,2025,2026,7-8,Moscow,Всероссийская олимпиада школьников,school,true,119,0,,,,official_public_source
vosh_2025_school_7_8_script,ВсОШ 2025/26 школьный этап 7-8 — listening script,https://vos.olimpiada.ru/upload/files/Arhive_tasks/2025-26/school/engl/script-engl-7-8-sch-msk-25-26.pdf,english,document,direct,2025,2026,7-8,Moscow,Всероссийская олимпиада школьников,school,true,118,0,,,,official_public_source
vosh_2025_mun_7_8_tasks,ВсОШ 2025/26 муниципальный этап 7-8 — задания,https://vos.olimpiada.ru/upload/files/Arhive_tasks/2025-26/mun/engl/tasks-engl-7-8-mun-msk-25-26.pdf,english,document,direct,2025,2026,7-8,Moscow,Всероссийская олимпиада школьников,municipal,true,115,0,,,,official_public_source
vosh_2025_mun_7_8_script,ВсОШ 2025/26 муниципальный этап 7-8 — listening script,https://vos.olimpiada.ru/upload/files/Arhive_tasks/2025-26/mun/engl/script-engl-7-8-mun-msk-25-26.pdf,english,document,direct,2025,2026,7-8,Moscow,Всероссийская олимпиада школьников,municipal,true,114,0,,,,official_public_source
vosh_2023_24_reg_written,ВсОШ 2023/24 региональный этап — письменный тур,https://vos.olimpiada.ru/upload/files/Arhive_tasks/2023-24/reg/engl/tasks-engl-9-11-pism-reg-23-24.pdf,english,document,direct,2023,2024,9-11,Russia,Всероссийская олимпиада школьников,regional,true,110,0,,,,official_public_source
vosh_2023_24_reg_oral,ВсОШ 2023/24 региональный этап — устный тур,https://vos.olimpiada.ru/upload/files/Arhive_tasks/2023-24/reg/engl/tasks-engl-9-11-ustn-reg-23-24.pdf,english,document,direct,2023,2024,9-11,Russia,Всероссийская олимпиада школьников,regional,true,109,0,,,,official_public_source
vosh_2023_24_reg_script,ВсОШ 2023/24 региональный этап — listening script,https://vos.olimpiada.ru/upload/files/Arhive_tasks/2023-24/reg/engl/script-engl-9-11-pism-reg-23-24.pdf,english,document,direct,2023,2024,9-11,Russia,Всероссийская олимпиада школьников,regional,true,108,0,,,,official_public_source
vosh_2023_24_final_written,ВсОШ 2023/24 заключительный этап — письменный тур,https://vos.olimpiada.ru/upload/files/Arhive_tasks/2023-24/final/engl/tasks-engl-9-11-pism-final-23-24.pdf,english,document,direct,2023,2024,9-11,Russia,Всероссийская олимпиада школьников,final,true,105,0,,,,official_public_source
